{"global_docs\\2023-L1V3.pdf": 1739287551.284485, "global_docs\\financial_sheet.xlsx": 1739535433.247364}