{"customer_data_docs\\business.txt": 1739525553.0337448, "customer_data_docs\\Feasibility.pdf": 1738660910.394912, "customer_data_docs\\Raha_Resort_Business_Plan_Formal.pdf": 1738660908.203955}